Code,Name,Email,Role,Company
CKVC,Khalil Veracruz,khalil.veracruz@omc.com,Finance Director,TBWA\SMP Philippines
RIM,Rey Meran,rey.meran@omc.com,Senior Finance Manager,TBWA\SMP Philippines
BOM,Beng Manalo,beng.manalo@omc.com,Finance Manager,TBWA\SMP Philippines
JPAL,Jinky Paladin,jinky.paladin@omc.com,Finance Analyst,TBWA\SMP Philippines
LAS,Amor Lasaga,amor.lasaga@omc.com,Finance Analyst,TBWA\SMP Philippines
RMQB,Sally Brillantes,sally.brillantes@omc.com,Finance Analyst,TBWA\SMP Philippines
JAP,Jasmin Ignacio,jasmin.ignacio@omc.com,Finance Analyst,TBWA\SMP Philippines
JLI,Jerald Lorente,jerald.lorente@omc.com,Finance Analyst,TBWA\SMP Philippines
JRMO,Jhoee Oliva,jhoee.oliva@omc.com,Finance Analyst,TBWA\SMP Philippines
